Benchmark ID,Sector name,Scenario name,Region,Release date,Unit,2013,2014,2015,2016,2017,2018,2019,2020,2021,2022,2023,2024,2025,2026,2027,2028,2029,2030,2031,2032,2033,2034,2035,2036,2037,2038,2039,2040,2041,2042,2043,2044,2045,2046,2047,2048,2049,2050
Airlines_01/02/2022,Airlines,1.5 Degrees,Global,01/02/2022,Carbon intensity (gCO2 / RTK),,,,,,,1020.0,1202.0,1175.0,1149.0,1123.0,1097.0,1071.0,980.0,889.0,798.0,707.0,616.0,586.0,555.0,524.0,493.0,463.0,432.0,401.0,371.0,340.0,309.0,289.0,269.0,249.0,229.0,208.0,188.0,168.0,148.0,128.0,108.0
Airlines_01/02/2022,Airlines,International Pledges,Global,01/02/2022,Carbon intensity (gCO2 / RTK),,,,,,,1020.0,1202.0,1175.0,1149.0,1123.0,1097.0,1071.0,1004.0,938.0,872.0,805.0,739.0,729.0,720.0,710.0,700.0,691.0,681.0,671.0,661.0,652.0,642.0,637.0,632.0,628.0,623.0,618.0,614.0,609.0,604.0,600.0,595.0
Airlines_01/02/2022,Airlines,Below 2 Degrees,Global,01/02/2022,Carbon intensity (gCO2 / RTK),,,,,,,1020.0,1202.0,1175.0,1149.0,1123.0,1097.0,1071.0,989.0,907.0,825.0,744.0,662.0,638.0,614.0,590.0,566.0,542.0,518.0,494.0,470.0,446.0,422.0,408.0,395.0,381.0,367.0,353.0,339.0,326.0,312.0,298.0,284.0
Airlines_01/12/2020,Airlines,International Pledges,Global,01/12/2020,Carbon intensity (gCO2 / RTK),,1032.0,1012.0,992.0,972.0,952.0,933.0,913.0,893.0,873.0,853.0,833.0,814.0,797.0,780.0,764.0,747.0,730.0,715.0,699.0,683.0,667.0,652.0,635.0,619.0,602.0,586.0,569.0,554.0,539.0,524.0,509.0,494.0,480.0,467.0,453.0,440.0,426.0
Airlines_01/12/2020,Airlines,2 Degrees (Shift-Improve),Global,01/12/2020,Carbon intensity (gCO2 / RTK),,1032.0,1006.0,980.0,954.0,928.0,903.0,877.0,851.0,825.0,799.0,773.0,747.0,722.0,696.0,671.0,645.0,620.0,595.0,571.0,546.0,522.0,497.0,476.0,455.0,435.0,414.0,393.0,375.0,357.0,339.0,320.0,302.0,290.0,279.0,267.0,255.0,243.0
Airlines_01/12/2020,Airlines,2 Degrees (High Efficiency),Global,01/12/2020,Carbon intensity (gCO2 / RTK),,1032.0,1001.0,970.0,938.0,907.0,876.0,845.0,814.0,782.0,751.0,720.0,689.0,661.0,632.0,604.0,575.0,547.0,522.0,497.0,472.0,447.0,423.0,403.0,383.0,364.0,344.0,324.0,308.0,292.0,276.0,260.0,244.0,234.0,223.0,213.0,202.0,192.0
Airlines_01/12/2019,Airlines,2 Degrees (High Efficiency),Global,01/12/2019,Carbon intensity (gCO2 / RTK),,709.0,688.0,667.0,646.0,625.0,604.0,582.0,561.0,540.0,519.0,498.0,477.0,457.0,436.0,416.0,396.0,375.0,,,,,,,,,,,,,,,,,,,,
Airlines_01/12/2019,Airlines,2 Degrees (Shift-Improve),Global,01/12/2019,Carbon intensity (gCO2 / RTK),,709.0,692.0,675.0,658.0,641.0,624.0,607.0,590.0,573.0,556.0,539.0,522.0,503.0,485.0,467.0,448.0,430.0,,,,,,,,,,,,,,,,,,,,
Airlines_01/12/2019,Airlines,International Pledges,Global,01/12/2019,Carbon intensity (gCO2 / RTK),,709.0,696.0,682.0,669.0,656.0,643.0,629.0,616.0,603.0,590.0,576.0,563.0,551.0,538.0,526.0,514.0,501.0,,,,,,,,,,,,,,,,,,,,
Airlines_01/02/2019,Airlines,International Pledges,Global,01/02/2019,Carbon intensity (gCO2 / RTK),,129.0,126.0,124.0,122.0,120.0,117.0,115.0,113.0,110.0,108.0,106.0,104.0,101.0,99.0,97.0,95.0,92.0,,,,,,,,,,,,,,,,,,,,
Airlines_01/02/2019,Airlines,2 Degrees (Shift-Improve),Global,01/02/2019,Carbon intensity (gCO2 / RTK),,129.0,126.0,123.0,120.0,117.0,114.0,111.0,108.0,105.0,102.0,99.0,96.0,93.0,89.0,86.0,83.0,79.0,,,,,,,,,,,,,,,,,,,,
Airlines_01/02/2019,Airlines,2 Degrees (High Efficiency),Global,01/02/2019,Carbon intensity (gCO2 / RTK),,129.0,125.0,121.0,118.0,114.0,110.0,106.0,103.0,99.0,95.0,91.0,88.0,84.0,80.0,77.0,73.0,69.0,,,,,,,,,,,,,,,,,,,,
Aluminium_01/02/2021,Aluminium,Paris Pledges,Global,01/02/2021,Carbon intensity (tCO2e / t aluminium),,6.342,6.221,6.1,5.978,5.857,5.736,5.614,5.493,5.371,5.25,5.129,5.007,4.877,4.746,4.615,4.484,4.354,4.24,4.126,4.012,3.898,3.784,3.706,3.628,3.55,3.472,3.394,3.332,3.27,3.209,3.147,3.085,3.035,2.984,2.934,2.883,2.833
Aluminium_01/02/2021,Aluminium,Below 2 Degrees,Global,01/02/2021,Carbon intensity (tCO2e / t aluminium),,6.342,6.13,5.917,5.705,5.492,5.279,5.067,4.854,4.641,4.429,4.216,4.004,3.817,3.63,3.443,3.256,3.069,2.919,2.768,2.617,2.467,2.316,2.201,2.085,1.97,1.854,1.739,1.65,1.562,1.473,1.385,1.297,1.237,1.177,1.116,1.056,0.996
Aluminium_01/02/2021,Aluminium,2 Degrees,Global,01/02/2021,Carbon intensity (tCO2e / t aluminium),,6.342,6.161,5.98,5.799,5.618,5.437,5.255,5.074,4.893,4.712,4.531,4.349,4.108,3.866,3.625,3.383,3.142,2.974,2.807,2.64,2.472,2.305,2.213,2.121,2.03,1.938,1.846,1.781,1.715,1.65,1.584,1.519,1.478,1.437,1.397,1.356,1.316
Aluminium_01/02/2020,Aluminium,Below 2 Degrees,Global,01/02/2020,Carbon intensity (tCO2e / t aluminium),,6.342,6.13,5.917,5.705,5.492,5.279,5.067,4.854,4.641,4.429,4.216,4.004,3.817,3.63,3.443,3.256,3.069,,,,,,,,,,,,,,,,,,,,
Aluminium_01/02/2020,Aluminium,2 Degrees,Global,01/02/2020,Carbon intensity (tCO2e / t aluminium),,6.342,6.161,5.98,5.799,5.618,5.437,5.255,5.074,4.893,4.712,4.531,4.349,4.108,3.866,3.625,3.383,3.142,,,,,,,,,,,,,,,,,,,,
Aluminium_01/02/2020,Aluminium,Paris Pledges,Global,01/02/2020,Carbon intensity (tCO2e / t aluminium),,6.342,6.221,6.1,5.978,5.857,5.736,5.614,5.493,5.371,5.25,5.129,5.007,4.877,4.746,4.615,4.484,4.354,,,,,,,,,,,,,,,,,,,,
Aluminium_01/02/2019,Aluminium,2 Degrees,Global,01/02/2019,Carbon intensity (tCO2e / t aluminium),,6.342,6.161,5.98,5.799,5.618,5.437,5.255,5.074,4.893,4.712,4.531,4.349,4.108,3.866,3.625,3.383,3.142,,,,,,,,,,,,,,,,,,,,
Aluminium_01/02/2019,Aluminium,Below 2 Degrees,Global,01/02/2019,Carbon intensity (tCO2e / t aluminium),,6.342,6.13,5.917,5.705,5.492,5.279,5.067,4.854,4.641,4.429,4.216,4.004,3.817,3.63,3.443,3.256,3.069,,,,,,,,,,,,,,,,,,,,
Aluminium_01/02/2019,Aluminium,Paris Pledges,Global,01/02/2019,Carbon intensity (tCO2e / t aluminium),,6.342,6.221,6.1,5.978,5.857,5.736,5.614,5.493,5.371,5.25,5.129,5.007,4.877,4.746,4.615,4.484,4.354,,,,,,,,,,,,,,,,,,,,
Autos_01/12/2020,Autos,2 Degrees (Shift-Improve),Global,01/12/2020,Average new vehicle emissions (grams of CO2 per kilometre [NEDC]),147.0,145.0,143.0,137.0,131.0,125.0,119.0,113.0,109.0,105.0,102.0,98.0,94.0,91.0,88.0,84.0,81.0,77.0,74.0,72.0,69.0,67.0,64.0,63.0,61.0,59.0,58.0,56.0,55.0,54.0,52.0,51.0,50.0,49.0,47.0,46.0,45.0,43.0
Autos_01/12/2020,Autos,2 Degrees (High Efficiency),Global,01/12/2020,Average new vehicle emissions (grams of CO2 per kilometre [NEDC]),147.0,145.0,143.0,137.0,131.0,125.0,119.0,113.0,104.0,95.0,86.0,77.0,68.0,62.0,57.0,51.0,46.0,40.0,37.0,34.0,31.0,27.0,24.0,22.0,21.0,19.0,17.0,15.0,14.0,13.0,12.0,11.0,10.0,9.0,8.0,8.0,7.0,6.0
Autos_01/12/2020,Autos,Paris Pledges,Global,01/12/2020,Average new vehicle emissions (grams of CO2 per kilometre [NEDC]),147.0,145.0,143.0,138.0,133.0,128.0,123.0,117.0,116.0,114.0,112.0,111.0,109.0,108.0,107.0,106.0,105.0,104.0,103.0,102.0,101.0,100.0,100.0,99.0,98.0,97.0,96.0,95.0,94.0,93.0,92.0,91.0,91.0,90.0,89.0,88.0,87.0,86.0
Autos_01/12/2019,Autos,2 Degrees (High Efficiency),Global,01/12/2019,Average new vehicle emissions (grams of CO2 per kilometre [NEDC]),147.0,145.0,143.0,139.0,134.0,129.0,124.0,119.0,109.0,100.0,90.0,81.0,71.0,65.0,59.0,53.0,47.0,41.0,,,,,,,,,,,,,,,,,,,,
Autos_01/12/2019,Autos,2 Degrees (Shift-Improve),Global,01/12/2019,Average new vehicle emissions (grams of CO2 per kilometre [NEDC]),147.0,145.0,143.0,139.0,134.0,129.0,124.0,119.0,115.0,111.0,107.0,103.0,99.0,95.0,91.0,87.0,83.0,80.0,,,,,,,,,,,,,,,,,,,,
Autos_01/12/2019,Autos,Paris Pledges,Global,01/12/2019,Average new vehicle emissions (grams of CO2 per kilometre [NEDC]),147.0,145.0,143.0,140.0,136.0,132.0,128.0,123.0,122.0,120.0,118.0,116.0,115.0,114.0,113.0,111.0,110.0,109.0,,,,,,,,,,,,,,,,,,,,
Autos_01/11/2018,Autos,2 Degrees (High Efficiency),Global,01/11/2018,Average new vehicle emissions (grams of CO2 per kilometre [NEDC]),147.0,145.0,143.0,139.0,134.0,129.0,124.0,119.0,109.0,100.0,90.0,81.0,71.0,65.0,59.0,53.0,47.0,41.0,,,,,,,,,,,,,,,,,,,,
Autos_01/11/2018,Autos,2 Degrees (Shift-Improve),Global,01/11/2018,Average new vehicle emissions (grams of CO2 per kilometre [NEDC]),147.0,145.0,143.0,139.0,134.0,129.0,124.0,119.0,115.0,111.0,107.0,103.0,99.0,95.0,91.0,87.0,83.0,80.0,,,,,,,,,,,,,,,,,,,,
Autos_01/11/2018,Autos,Paris Pledges,Global,01/11/2018,Average new vehicle emissions (grams of CO2 per kilometre [NEDC]),147.0,145.0,143.0,140.0,136.0,132.0,128.0,123.0,122.0,120.0,118.0,116.0,115.0,114.0,113.0,111.0,110.0,109.0,,,,,,,,,,,,,,,,,,,,
Autos_01/02/2018,Autos,Paris Pledges,Global,01/02/2018,Average new vehicle emissions (grams of CO2 per kilometre [NEDC]),147.0,145.0,143.0,140.0,136.0,132.0,128.0,123.0,122.0,120.0,118.0,116.0,115.0,114.0,113.0,111.0,110.0,109.0,,,,,,,,,,,,,,,,,,,,
Autos_01/02/2018,Autos,2 Degrees (Shift-Improve),Global,01/02/2018,Average new vehicle emissions (grams of CO2 per kilometre [NEDC]),147.0,145.0,143.0,139.0,134.0,129.0,124.0,119.0,115.0,111.0,107.0,103.0,99.0,95.0,91.0,87.0,83.0,80.0,,,,,,,,,,,,,,,,,,,,
Autos_01/02/2018,Autos,2 Degrees (High Efficiency),Global,01/02/2018,Average new vehicle emissions (grams of CO2 per kilometre [NEDC]),147.0,145.0,143.0,139.0,134.0,129.0,124.0,119.0,109.0,100.0,90.0,81.0,71.0,65.0,59.0,53.0,47.0,41.0,,,,,,,,,,,,,,,,,,,,
Cement_01/04/2022,Cement,1.5 Degrees,Global,01/04/2022,Carbon intensity (tonnes of CO2 per tonne of cementitious product),,,,,,,0.545,0.545,0.533,0.52,0.507,0.495,0.482,0.469,0.457,0.444,0.431,0.419,0.397,0.376,0.355,0.334,0.313,0.292,0.27,0.249,0.228,0.207,0.189,0.172,0.154,0.137,0.119,0.101,0.084,0.066,0.049,0.031
Cement_01/04/2022,Cement,National Pledges,Global,01/04/2022,Carbon intensity (tonnes of CO2 per tonne of cementitious product),,,,,,,0.545,0.545,0.548,0.55,0.553,0.555,0.558,0.56,0.563,0.565,0.568,0.57,0.566,0.561,0.557,0.553,0.548,0.544,0.54,0.536,0.531,0.527,0.524,0.52,0.517,0.514,0.51,0.507,0.504,0.5,0.497,0.494
Cement_01/04/2022,Cement,Below 2 Degrees,Global,01/04/2022,Carbon intensity (tonnes of CO2 per tonne of cementitious product),,,,,,,0.545,0.545,0.546,0.546,0.546,0.546,0.546,0.546,0.547,0.547,0.547,0.547,0.527,0.508,0.488,0.469,0.449,0.43,0.41,0.391,0.371,0.351,0.333,0.315,0.297,0.279,0.261,0.243,0.225,0.207,0.189,0.171
Cement_01/02/2021,Cement,Below 2 Degrees,Global,01/02/2021,Carbon intensity (tonnes of CO2 per tonne of cementitious product),,0.488,0.482,0.477,0.471,0.466,0.461,0.455,0.45,0.445,0.44,0.435,0.43,0.418,0.407,0.396,0.384,0.373,0.362,0.35,0.339,0.328,0.317,0.303,0.29,0.277,0.264,0.251,0.245,0.238,0.232,0.226,0.22,0.207,0.194,0.181,0.168,0.155
Cement_01/02/2021,Cement,2 Degrees,Global,01/02/2021,Carbon intensity (tonnes of CO2 per tonne of cementitious product),,0.488,0.488,0.489,0.489,0.49,0.49,0.49,0.491,0.491,0.491,0.492,0.492,0.484,0.477,0.469,0.462,0.454,0.449,0.444,0.439,0.434,0.429,0.42,0.411,0.402,0.393,0.384,0.376,0.367,0.359,0.351,0.343,0.335,0.327,0.319,0.312,0.304
Cement_01/02/2021,Cement,Paris Pledges,Global,01/02/2021,Carbon intensity (tonnes of CO2 per tonne of cementitious product),,0.488,0.49,0.493,0.495,0.497,0.499,0.501,0.503,0.505,0.507,0.509,0.511,0.508,0.504,0.5,0.497,0.493,0.491,0.489,0.488,0.486,0.484,0.478,0.472,0.466,0.46,0.454,0.45,0.446,0.442,0.437,0.433,0.428,0.423,0.418,0.413,0.408
Cement_01/02/2020,Cement,Below 2 Degrees,Global,01/02/2020,Carbon intensity (tonnes of CO2 per tonne of cementitious product),,0.534,0.528,0.522,0.516,0.51,0.504,0.498,0.493,0.487,0.482,0.476,0.471,0.458,0.446,0.433,0.421,0.408,,,,,,,,,,,,,,,,,,,,
Cement_01/02/2020,Cement,2 Degrees,Global,01/02/2020,Carbon intensity (tonnes of CO2 per tonne of cementitious product),,0.534,0.535,0.535,0.535,0.536,0.536,0.537,0.537,0.538,0.538,0.538,0.539,0.53,0.522,0.514,0.506,0.497,,,,,,,,,,,,,,,,,,,,
Cement_01/02/2020,Cement,Paris Pledges,Global,01/02/2020,Carbon intensity (tonnes of CO2 per tonne of cementitious product),,0.534,0.537,0.539,0.542,0.544,0.546,0.549,0.551,0.553,0.556,0.558,0.56,0.556,0.552,0.548,0.544,0.54,,,,,,,,,,,,,,,,,,,,
Cement_01/09/2018,Cement,Below 2 Degrees,Global,01/09/2018,Carbon intensity (tonnes of CO2 per tonne of cementitious product),,0.534,0.528,0.522,0.516,0.51,0.504,0.498,0.493,0.487,0.482,0.476,0.471,0.458,0.446,0.433,0.421,0.408,,,,,,,,,,,,,,,,,,,,
Cement_01/09/2018,Cement,Paris Pledges,Global,01/09/2018,Carbon intensity (tonnes of CO2 per tonne of cementitious product),,0.534,0.537,0.539,0.542,0.544,0.546,0.549,0.551,0.553,0.556,0.558,0.56,0.556,0.552,0.548,0.544,0.54,,,,,,,,,,,,,,,,,,,,
Cement_01/09/2018,Cement,2 Degrees,Global,01/09/2018,Carbon intensity (tonnes of CO2 per tonne of cementitious product),,0.534,0.535,0.535,0.535,0.536,0.536,0.537,0.537,0.538,0.538,0.538,0.539,0.53,0.522,0.514,0.506,0.497,,,,,,,,,,,,,,,,,,,,
Cement_01/11/2017,Cement,Paris Pledges,Global,01/11/2017,Carbon intensity (tonnes of CO2 per tonne of cementitious product),0.599,0.6,0.6,0.601,0.602,0.602,0.603,0.603,0.598,0.594,0.589,0.584,0.58,0.577,0.574,0.571,0.568,0.565,,,,,,,,,,,,,,,,,,,,
Cement_01/11/2017,Cement,2 Degrees,Global,01/11/2017,Carbon intensity (tonnes of CO2 per tonne of cementitious product),0.599,0.598,0.596,0.595,0.593,0.592,0.59,0.589,0.581,0.574,0.567,0.56,0.553,0.547,0.542,0.536,0.53,0.524,,,,,,,,,,,,,,,,,,,,
Diversified Mining_01/06/2022,Diversified Mining,1.5 Degrees,Global,01/06/2022,Carbon intensity (tonne CO2e / tonne copper equivalent),,,,,,,59.03,60.24,58.51,56.78,55.05,53.33,51.6,49.87,48.15,46.42,44.69,42.96,40.31,37.66,35.0,32.35,29.7,27.04,24.39,21.74,19.09,16.43,14.91,13.39,11.86,10.34,8.82,7.3,5.77,4.25,2.73,1.21
Diversified Mining_01/06/2022,Diversified Mining,Below 2 Degrees,Global,01/06/2022,Carbon intensity (tonne CO2e / tonne copper equivalent),,,,,,,59.03,60.24,59.17,58.1,57.03,55.97,54.9,53.83,52.76,51.69,50.63,49.56,47.88,46.2,44.52,42.84,41.16,39.48,37.8,36.12,34.44,32.76,31.22,29.67,28.13,26.59,25.04,23.5,21.96,20.42,18.87,17.33
Diversified Mining_01/06/2022,Diversified Mining,National Pledges,Global,01/06/2022,Carbon intensity (tonne CO2e / tonne copper equivalent),,,,,,,59.03,60.24,59.88,59.52,59.16,58.8,58.45,58.09,57.73,57.37,57.01,56.65,56.21,55.76,55.31,54.86,54.42,53.97,53.52,53.07,52.62,52.18,51.72,51.25,50.79,50.33,49.87,49.41,48.95,48.49,48.02,47.56
Diversified Mining_01/11/2021,Diversified Mining,Below 2 Degrees,Global,01/11/2021,Carbon intensity (tonne CO2e / tonne copper equivalent),,,,,,,57.71,58.04,56.97,55.89,54.82,53.74,52.66,51.59,50.51,49.44,48.36,47.29,45.83,44.38,42.93,41.47,40.02,38.56,37.11,35.66,34.2,32.75,31.43,30.11,28.79,27.47,26.15,24.83,23.51,22.19,20.87,19.55
Diversified Mining_01/11/2021,Diversified Mining,1.5 Degrees,Global,01/11/2021,Carbon intensity (tonne CO2e / tonne copper equivalent),,,,,,,57.71,58.04,56.39,54.74,53.09,51.44,49.79,48.14,46.49,44.84,43.19,41.54,39.15,36.75,34.35,31.95,29.55,27.15,24.75,22.36,19.96,17.56,15.97,14.37,12.78,11.19,9.59,8.0,6.41,4.81,3.22,1.63
Diversified Mining_01/11/2021,Diversified Mining,National Pledges,Global,01/11/2021,Carbon intensity (tonne CO2e / tonne copper equivalent),,,,,,,57.71,58.04,57.54,57.04,56.54,56.04,55.53,55.03,54.53,54.03,53.53,53.03,52.63,52.23,51.83,51.43,51.03,50.64,50.24,49.84,49.44,49.04,48.67,48.29,47.92,47.54,47.17,46.79,46.42,46.04,45.67,45.29
Diversified Mining_01/02/2021,Diversified Mining,Below 2 Degrees,Global,01/02/2021,Carbon intensity (tonne CO2e / tonne copper equivalent),,61.985,61.387,60.711,60.471,59.807,59.153,58.483,57.532,56.56,55.568,54.555,53.521,52.203,50.852,49.467,48.048,46.635,45.313,43.96,42.574,41.156,39.705,38.324,36.907,35.451,33.956,32.507,31.257,29.974,28.656,27.302,25.912,24.949,23.965,22.958,21.93,20.878
Diversified Mining_01/02/2021,Diversified Mining,2 Degrees,Global,01/02/2021,Carbon intensity (tonne CO2e / tonne copper equivalent),,61.985,61.497,60.939,60.805,60.345,59.796,59.238,58.516,57.787,57.048,56.302,55.354,54.092,52.809,51.504,50.178,48.87,47.6,46.313,45.009,43.688,42.352,41.266,40.168,39.056,37.933,36.877,35.955,35.02,34.072,33.11,32.135,31.5,30.855,30.2,29.534,28.858
Diversified Mining_01/02/2021,Diversified Mining,Paris Pledges,Global,01/02/2021,Carbon intensity (tonne CO2e / tonne copper equivalent),,61.985,61.722,61.396,61.471,61.082,60.765,60.447,59.985,59.523,59.064,58.605,58.147,57.676,57.207,56.74,56.276,55.849,55.509,55.168,54.827,54.485,54.142,53.844,53.56,53.273,52.984,52.775,52.514,52.262,52.01,51.756,51.503,51.179,50.861,50.542,50.221,49.9
Diversified Mining_01/10/2020,Diversified Mining,2 Degrees,Global,01/10/2020,Carbon intensity (tonne CO2e / tonne copper equivalent),,61.99,61.49,60.92,60.78,60.31,59.76,59.19,58.41,57.62,56.84,56.05,55.27,53.93,52.6,51.26,49.92,48.59,47.22,45.86,44.49,43.13,41.76,40.58,39.4,38.23,37.05,35.87,34.79,33.72,32.64,31.57,30.49,29.7,28.9,28.1,27.31,26.51
Diversified Mining_01/10/2020,Diversified Mining,Paris Pledges,Global,01/10/2020,Carbon intensity (tonne CO2e / tonne copper equivalent),,61.99,61.72,61.4,61.47,61.08,60.76,60.45,59.99,59.53,59.07,58.61,58.15,57.69,57.23,56.77,56.31,55.85,55.5,55.16,54.82,54.47,54.13,53.85,53.58,53.31,53.03,52.76,52.5,52.24,51.99,51.73,51.48,51.15,50.83,50.51,50.19,49.86
Diversified Mining_01/10/2020,Diversified Mining,Below 2 Degrees,Global,01/10/2020,Carbon intensity (tonne CO2e / tonne copper equivalent),,61.99,61.38,60.69,60.44,59.76,59.1,58.42,57.41,56.41,55.4,54.4,53.4,51.94,50.48,49.03,47.57,46.12,44.62,43.12,41.63,40.13,38.63,36.95,35.26,33.58,31.89,30.2,28.46,26.71,24.96,23.21,21.46,20.06,18.65,17.25,15.85,14.44
non-OECD_Electricity Utilities_01/04/2022,Electricity Utilities,1.5 Degrees,non-OECD,01/04/2022,Carbon intensity (metric tonnes of CO2 per MWh electricity generation),,,,,,0.567,0.564,0.529,0.494,0.459,0.424,0.389,0.354,0.319,0.284,0.249,0.214,0.179,0.161,0.143,0.126,0.108,0.09,0.072,0.054,0.036,0.018,0.0,0.0,0.0,0.0,0.0,0.0,0.0,0.0,0.0,0.0,0.0
North-America_Electricity Utilities_01/04/2022,Electricity Utilities,1.5 Degrees,North-America,01/04/2022,Carbon intensity (metric tonnes of CO2 per MWh electricity generation),,,,,,0.35,0.328,0.301,0.278,0.254,0.231,0.208,0.185,0.161,0.138,0.115,0.091,0.068,0.054,0.041,0.027,0.014,0.0,0.0,0.0,0.0,0.0,0.0,0.0,0.0,0.0,0.0,0.0,0.0,0.0,0.0,0.0,0.0
North-America_Electricity Utilities_01/04/2022,Electricity Utilities,Below 2 Degrees,North-America,01/04/2022,Carbon intensity (metric tonnes of CO2 per MWh electricity generation),,,,,,0.35,0.328,0.301,0.28,0.259,0.237,0.216,0.195,0.175,0.154,0.134,0.114,0.094,0.085,0.077,0.069,0.061,0.053,0.045,0.037,0.029,0.021,0.012,0.01,0.007,0.005,0.002,0.0,,,,,
North-America_Electricity Utilities_01/04/2022,Electricity Utilities,National Pledges,North-America,01/04/2022,Carbon intensity (metric tonnes of CO2 per MWh electricity generation),,,,,,0.35,0.328,0.301,0.29,0.279,0.268,0.257,0.246,0.236,0.226,0.216,0.206,0.195,0.192,0.189,0.185,0.182,0.178,0.175,0.171,0.168,0.164,0.161,0.155,0.149,0.143,0.138,0.132,0.126,0.12,0.115,0.109,0.103
non-OECD_Electricity Utilities_01/04/2022,Electricity Utilities,Below 2 Degrees,non-OECD,01/04/2022,Carbon intensity (metric tonnes of CO2 per MWh electricity generation),,,,,,0.567,0.564,0.542,0.519,0.496,0.473,0.45,0.426,0.398,0.37,0.342,0.314,0.286,0.266,0.246,0.226,0.206,0.187,0.167,0.147,0.127,0.107,0.087,0.079,0.07,0.061,0.052,0.044,0.035,0.026,0.017,0.009,0.0
non-OECD_Electricity Utilities_01/04/2022,Electricity Utilities,National Pledges,non-OECD,01/04/2022,Carbon intensity (metric tonnes of CO2 per MWh electricity generation),,,,,,0.567,0.564,0.553,0.541,0.529,0.517,0.505,0.493,0.482,0.471,0.459,0.448,0.436,0.427,0.418,0.408,0.399,0.389,0.38,0.371,0.361,0.352,0.343,0.337,0.331,0.325,0.319,0.313,0.307,0.301,0.296,0.29,0.284
OECD_Electricity Utilities_01/04/2022,Electricity Utilities,1.5 Degrees,OECD,01/04/2022,Carbon intensity (metric tonnes of CO2 per MWh electricity generation),,,,,,0.349,0.329,0.305,0.281,0.257,0.233,0.209,0.185,0.161,0.137,0.113,0.088,0.064,0.051,0.039,0.026,0.013,0.0,0.0,0.0,0.0,0.0,0.0,0.0,0.0,0.0,0.0,0.0,0.0,0.0,0.0,0.0,0.0
OECD_Electricity Utilities_01/04/2022,Electricity Utilities,Below 2 Degrees,OECD,01/04/2022,Carbon intensity (metric tonnes of CO2 per MWh electricity generation),,,,,,0.349,0.329,0.305,0.28,0.255,0.23,0.205,0.18,0.165,0.149,0.134,0.118,0.103,0.095,0.087,0.08,0.072,0.065,0.057,0.049,0.042,0.034,0.027,0.021,0.016,0.011,0.005,0.0,0.0,0.0,0.0,0.0,0.0
OECD_Electricity Utilities_01/04/2022,Electricity Utilities,National Pledges,OECD,01/04/2022,Carbon intensity (metric tonnes of CO2 per MWh electricity generation),,,,,,0.349,0.329,0.315,0.3,0.285,0.271,0.256,0.241,0.233,0.224,0.216,0.208,0.199,0.194,0.189,0.184,0.179,0.174,0.169,0.163,0.158,0.153,0.148,0.144,0.139,0.135,0.131,0.126,0.122,0.117,0.113,0.109,0.104
Europe_Electricity Utilities_01/04/2022,Electricity Utilities,National Pledges,Europe,01/04/2022,Carbon intensity (metric tonnes of CO2 per MWh electricity generation),,,,,,0.292,0.259,0.239,0.226,0.213,0.2,0.187,0.174,0.161,0.149,0.136,0.124,0.112,0.108,0.104,0.1,0.096,0.092,0.088,0.084,0.081,0.077,0.073,0.07,0.068,0.066,0.064,0.061,0.059,0.057,0.054,0.052,0.05
Europe_Electricity Utilities_01/04/2022,Electricity Utilities,Below 2 Degrees,Europe,01/04/2022,Carbon intensity (metric tonnes of CO2 per MWh electricity generation),,,,,,0.292,0.259,0.239,0.221,0.203,0.185,0.167,0.149,0.132,0.115,0.098,0.081,0.063,0.06,0.057,0.053,0.05,0.046,0.043,0.039,0.036,0.032,0.029,0.023,0.017,0.012,0.006,0.0,0.0,0.0,0.0,0.0,0.0
Europe_Electricity Utilities_01/04/2022,Electricity Utilities,1.5 Degrees,Europe,01/04/2022,Carbon intensity (metric tonnes of CO2 per MWh electricity generation),,,,,,0.292,0.259,0.239,0.219,0.2,0.181,0.162,0.142,0.123,0.104,0.085,0.065,0.046,0.037,0.028,0.018,0.009,0.0,0.0,0.0,0.0,0.0,0.0,0.0,0.0,0.0,0.0,0.0,0.0,0.0,0.0,0.0,0.0
Electricity Utilities_01/11/2021,Electricity Utilities,1.5 Degrees,Global,01/11/2021,Carbon intensity (metric tonnes of CO2 per MWh electricity generation),0.528,0.518,0.502,0.486,0.482,0.475,0.468,0.438,0.408,0.378,0.348,0.318,0.288,0.258,0.228,0.198,0.168,0.138,0.124,0.11,0.096,0.082,0.069,0.055,0.041,0.027,0.013,0.0,0.0,0.0,0.0,0.0,0.0,0.0,0.0,0.0,0.0,0.0
Electricity Utilities_01/11/2021,Electricity Utilities,National Pledges,Global,01/11/2021,Carbon intensity (metric tonnes of CO2 per MWh electricity generation),0.528,0.518,0.502,0.486,0.482,0.475,0.468,0.438,0.43,0.422,0.414,0.406,0.398,0.389,0.38,0.371,0.362,0.352,0.345,0.338,0.331,0.324,0.317,0.31,0.303,0.296,0.289,0.282,0.273,0.264,0.256,0.247,0.238,0.23,0.221,0.212,0.204,0.195
Electricity Utilities_01/11/2021,Electricity Utilities,Below 2 Degrees,Global,01/11/2021,Carbon intensity (metric tonnes of CO2 per MWh electricity generation),0.528,0.518,0.502,0.486,0.482,0.475,0.468,0.438,0.417,0.396,0.375,0.354,0.333,0.31,0.288,0.265,0.242,0.22,0.205,0.189,0.174,0.159,0.143,0.128,0.113,0.098,0.082,0.067,0.06,0.054,0.047,0.04,0.033,0.027,0.02,0.013,0.007,0.0
Electricity Utilities_01/10/2020,Electricity Utilities,Below 2 Degrees,Global,01/10/2020,Carbon intensity (metric tonnes of CO2 per MWh electricity generation),0.586,0.572,0.55,0.528,0.506,0.484,0.462,0.44,0.418,0.396,0.374,0.352,0.33,0.31,0.29,0.269,0.249,0.229,0.211,0.194,0.176,0.158,0.141,0.127,0.113,0.099,0.086,0.072,0.062,0.051,0.041,0.031,0.02,0.015,0.009,0.003,-0.002,-0.008
Electricity Utilities_01/10/2020,Electricity Utilities,Paris Pledges,Global,01/10/2020,Carbon intensity (metric tonnes of CO2 per MWh electricity generation),0.586,0.572,0.56,0.548,0.536,0.524,0.512,0.499,0.487,0.475,0.463,0.451,0.439,0.432,0.424,0.417,0.409,0.402,0.396,0.391,0.386,0.38,0.375,0.37,0.366,0.361,0.357,0.352,0.348,0.343,0.339,0.335,0.33,0.326,0.322,0.317,0.313,0.309
Electricity Utilities_01/10/2020,Electricity Utilities,2 Degrees,Global,01/10/2020,Carbon intensity (metric tonnes of CO2 per MWh electricity generation),0.586,0.572,0.553,0.534,0.514,0.495,0.476,0.457,0.438,0.418,0.399,0.38,0.361,0.338,0.315,0.291,0.268,0.245,0.226,0.207,0.189,0.17,0.151,0.14,0.129,0.119,0.108,0.097,0.089,0.081,0.072,0.064,0.056,0.052,0.048,0.044,0.04,0.036
Electricity Utilities_01/09/2019,Electricity Utilities,Paris Pledges,Global,01/09/2019,Carbon intensity (metric tonnes of CO2 per MWh electricity generation),0.586,0.572,0.557,0.543,0.529,0.516,0.503,0.492,0.48,0.469,0.459,0.449,0.439,0.431,0.423,0.416,0.409,0.402,,,,,,,,,,,,,,,,,,,,
Electricity Utilities_01/09/2019,Electricity Utilities,2 Degrees,Global,01/09/2019,Carbon intensity (metric tonnes of CO2 per MWh electricity generation),0.586,0.572,0.549,0.527,0.506,0.486,0.466,0.447,0.428,0.411,0.394,0.377,0.361,0.336,0.312,0.289,0.267,0.245,,,,,,,,,,,,,,,,,,,,
Electricity Utilities_01/09/2019,Electricity Utilities,Below 2 Degrees,Global,01/09/2019,Carbon intensity (metric tonnes of CO2 per MWh electricity generation),0.586,0.572,0.546,0.521,0.497,0.474,0.452,0.43,0.409,0.388,0.368,0.349,0.33,0.308,0.287,0.267,0.248,0.229,,,,,,,,,,,,,,,,,,,,
Electricity Utilities_01/07/2018,Electricity Utilities,Below 2 Degrees,Global,01/07/2018,Carbon intensity (metric tonnes of CO2 per MWh electricity generation),0.586,0.572,0.546,0.521,0.497,0.474,0.452,0.43,0.409,0.388,0.368,0.349,0.33,0.308,0.287,0.267,0.248,0.229,,,,,,,,,,,,,,,,,,,,
Electricity Utilities_01/07/2018,Electricity Utilities,2 Degrees,Global,01/07/2018,Carbon intensity (metric tonnes of CO2 per MWh electricity generation),0.586,0.572,0.549,0.527,0.506,0.486,0.466,0.447,0.428,0.411,0.394,0.377,0.361,0.336,0.312,0.289,0.267,0.245,,,,,,,,,,,,,,,,,,,,
Electricity Utilities_01/07/2018,Electricity Utilities,Paris Pledges,Global,01/07/2018,Carbon intensity (metric tonnes of CO2 per MWh electricity generation),0.586,0.572,0.557,0.543,0.529,0.516,0.503,0.492,0.48,0.469,0.459,0.449,0.439,0.431,0.423,0.416,0.409,0.402,,,,,,,,,,,,,,,,,,,,
Electricity Utilities_01/07/2017,Electricity Utilities,Paris Pledges,Global,01/07/2017,Carbon intensity (metric tonnes of CO2 per MWh electricity generation),0.586,0.574,0.561,0.549,0.536,0.524,0.511,0.498,0.491,0.484,0.476,0.469,0.462,0.453,0.445,0.437,0.428,0.42,,,,,,,,,,,,,,,,,,,,
Electricity Utilities_01/07/2017,Electricity Utilities,2 Degrees,Global,01/07/2017,Carbon intensity (metric tonnes of CO2 per MWh electricity generation),0.586,0.572,0.557,0.543,0.528,0.514,0.499,0.484,0.465,0.445,0.426,0.407,0.387,0.366,0.345,0.323,0.302,0.281,,,,,,,,,,,,,,,,,,,,
Oil & Gas_01/11/2021,Oil & Gas,Below 2 Degrees,Global,01/11/2021,Emissions intensity (gCO2e / MJ),,65.64,65.14,65.48,65.09,64.15,62.88,62.09,60.85,59.62,58.38,57.15,55.91,54.67,53.44,52.2,50.97,49.73,47.96,46.18,44.41,42.64,40.86,39.09,37.32,35.54,33.77,32.0,30.82,29.65,28.47,27.3,26.13,24.95,23.78,22.6,21.43,20.25
Oil & Gas_01/11/2021,Oil & Gas,1.5 Degrees,Global,01/11/2021,Emissions intensity (gCO2e / MJ),,65.64,65.14,65.48,65.09,64.15,62.88,62.09,59.98,57.86,55.75,53.64,51.52,49.41,47.29,45.18,43.07,40.95,38.54,36.14,33.73,31.32,28.91,26.5,24.09,21.68,19.28,16.87,15.77,14.67,13.56,12.46,11.36,10.26,9.16,8.06,6.96,5.85
Oil & Gas_01/11/2021,Oil & Gas,National Pledges,Global,01/11/2021,Emissions intensity (gCO2e / MJ),,65.64,65.14,65.48,65.09,64.15,62.88,62.09,61.63,61.16,60.7,60.23,59.77,59.31,58.84,58.38,57.92,57.45,56.95,56.44,55.93,55.42,54.92,54.41,53.9,53.4,52.89,52.38,51.97,51.56,51.15,50.74,50.32,49.91,49.5,49.09,48.68,48.27
Oil & Gas_01/10/2020,Oil & Gas,2 Degrees,Global,01/10/2020,Emissions intensity (gCO2e / MJ),,65.57,64.69,63.81,62.93,62.05,61.17,60.29,59.41,58.53,57.65,56.77,55.9,54.36,52.82,51.28,49.74,48.21,46.58,44.95,43.33,41.7,40.08,38.75,37.42,36.09,34.76,33.43,32.2,30.97,29.74,28.51,27.27,26.16,25.05,23.93,22.82,21.7
Oil & Gas_01/10/2020,Oil & Gas,Paris Pledges,Global,01/10/2020,Emissions intensity (gCO2e / MJ),,65.57,65.09,64.61,64.13,63.66,63.18,62.7,62.23,61.75,61.27,60.79,60.32,59.9,59.48,59.06,58.64,58.22,57.91,57.61,57.3,57.0,56.69,56.38,56.06,55.74,55.43,55.11,54.82,54.53,54.23,53.94,53.65,53.39,53.14,52.89,52.63,52.38
Oil & Gas_01/10/2020,Oil & Gas,Below 2 Degrees,Global,01/10/2020,Emissions intensity (gCO2e / MJ),,65.57,64.43,63.29,62.15,61.01,59.87,58.74,57.6,56.46,55.32,54.18,53.04,51.13,49.21,47.29,45.37,43.45,41.55,39.65,37.75,35.85,33.95,32.04,30.14,28.23,26.32,24.41,22.73,21.04,19.36,17.67,15.98,14.78,13.58,12.38,11.18,9.98
Oil & Gas_01/09/2019,Oil & Gas,Paris Pledges,Global,01/09/2019,Emissions intensity (gCO2e / MJ),,61.6,61.1,60.6,60.2,59.7,59.3,58.8,58.3,57.9,57.4,56.9,56.5,56.1,55.7,55.3,54.8,54.4,54.2,53.9,53.6,53.3,53.0,52.7,52.4,52.1,51.8,51.6,51.3,51.0,50.7,50.5,50.2,49.9,49.7,49.4,49.1,48.9
Oil & Gas_01/09/2019,Oil & Gas,Below 2 Degrees,Global,01/09/2019,Emissions intensity (gCO2e / MJ),,61.6,60.4,59.2,58.1,56.9,55.7,54.6,53.4,52.3,51.1,49.9,48.8,46.9,45.0,43.2,41.3,39.5,37.6,35.8,34.0,32.1,30.3,28.5,26.7,24.9,23.1,21.3,19.8,18.2,16.7,15.1,13.6,12.4,11.3,10.2,9.0,7.9
Oil & Gas_01/09/2019,Oil & Gas,2 Degrees,Global,01/09/2019,Emissions intensity (gCO2e / MJ),,61.6,60.7,59.8,59.0,58.1,57.2,56.3,55.5,54.6,53.7,52.8,52.0,50.4,48.9,47.4,45.9,44.3,42.8,41.3,39.7,38.2,36.6,35.4,34.1,32.8,31.5,30.2,29.1,27.9,26.7,25.5,24.4,23.6,22.8,21.9,21.1,20.3
Paper_01/02/2021,Paper,Below 2 Degrees,Global,01/02/2021,"Carbon intensity (tonnes of CO2 per tonne of pulp, paper and paperboard)",,0.706,0.677,0.65,0.622,0.596,0.57,0.545,0.52,0.496,0.472,0.449,0.427,0.411,0.396,0.381,0.367,0.353,0.333,0.314,0.296,0.278,0.262,0.243,0.225,0.207,0.19,0.172,0.151,0.13,0.109,0.089,0.069,0.066,0.063,0.061,0.058,0.056
Paper_01/02/2021,Paper,2 Degrees,Global,01/02/2021,"Carbon intensity (tonnes of CO2 per tonne of pulp, paper and paperboard)",,0.706,0.685,0.664,0.644,0.625,0.606,0.588,0.57,0.552,0.535,0.518,0.502,0.482,0.463,0.444,0.426,0.408,0.389,0.369,0.351,0.332,0.314,0.297,0.28,0.264,0.247,0.231,0.21,0.189,0.168,0.148,0.127,0.127,0.128,0.128,0.128,0.128
Paper_01/02/2021,Paper,Paris Pledges,Global,01/02/2021,"Carbon intensity (tonnes of CO2 per tonne of pulp, paper and paperboard)",,0.706,0.701,0.695,0.69,0.686,0.681,0.677,0.673,0.669,0.665,0.662,0.658,0.655,0.652,0.649,0.646,0.643,0.639,0.636,0.633,0.629,0.626,0.623,0.619,0.616,0.613,0.61,0.607,0.604,0.601,0.598,0.596,0.609,0.623,0.636,0.65,0.663
Paper_01/02/2020,Paper,2 Degrees,Global,01/02/2020,"Carbon intensity (tonnes of CO2 per tonne of pulp, paper and paperboard)",,0.71,0.689,0.668,0.648,0.628,0.609,0.591,0.573,0.555,0.538,0.521,0.505,0.485,0.465,0.446,0.428,0.41,,,,,,,,,,,,,,,,,,,,
Paper_01/02/2020,Paper,Paris Pledges,Global,01/02/2020,"Carbon intensity (tonnes of CO2 per tonne of pulp, paper and paperboard)",,0.71,0.705,0.699,0.694,0.69,0.685,0.681,0.676,0.673,0.669,0.665,0.662,0.658,0.655,0.652,0.649,0.646,,,,,,,,,,,,,,,,,,,,
Paper_01/02/2020,Paper,Below 2 Degrees,Global,01/02/2020,"Carbon intensity (tonnes of CO2 per tonne of pulp, paper and paperboard)",,0.71,0.681,0.653,0.626,0.599,0.573,0.548,0.523,0.499,0.475,0.452,0.429,0.413,0.398,0.383,0.369,0.354,,,,,,,,,,,,,,,,,,,,
Paper_01/11/2018,Paper,2 Degrees,Global,01/11/2018,"Carbon intensity (tonnes of CO2 per tonne of pulp, paper and paperboard)",,0.766,0.743,0.721,0.699,0.678,0.658,0.638,0.618,0.599,0.58,0.562,0.544,0.523,0.502,0.482,0.462,0.442,,,,,,,,,,,,,,,,,,,,
Paper_01/11/2018,Paper,Paris Pledges,Global,01/11/2018,"Carbon intensity (tonnes of CO2 per tonne of pulp, paper and paperboard)",,0.766,0.76,0.755,0.749,0.744,0.739,0.734,0.73,0.726,0.722,0.718,0.714,0.71,0.707,0.703,0.7,0.697,,,,,,,,,,,,,,,,,,,,
Paper_01/11/2018,Paper,Below 2 Degrees,Global,01/11/2018,"Carbon intensity (tonnes of CO2 per tonne of pulp, paper and paperboard)",,0.766,0.735,0.705,0.676,0.647,0.619,0.591,0.564,0.538,0.513,0.488,0.463,0.446,0.429,0.413,0.398,0.382,,,,,,,,,,,,,,,,,,,,
Paper_01/02/2018,Paper,Paris Pledges,Global,01/02/2018,"Carbon intensity (tonnes of CO2 per tonne of pulp, paper and paperboard)",,0.697,0.691,0.686,0.681,0.676,0.671,0.667,0.663,0.659,0.655,0.652,0.648,0.645,0.642,0.639,0.636,0.634,,,,,,,,,,,,,,,,,,,,
Paper_01/02/2018,Paper,2 Degrees,Global,01/02/2018,"Carbon intensity (tonnes of CO2 per tonne of pulp, paper and paperboard)",,0.697,0.676,0.656,0.636,0.617,0.598,0.58,0.562,0.544,0.528,0.511,0.495,0.475,0.457,0.438,0.42,0.403,,,,,,,,,,,,,,,,,,,,
Shipping_01/02/2022,Shipping,International Pledges,Global,01/02/2022,Carbon intensity (gCO2 / t-km),,,,,,,7.82,6.96,6.94,6.91,6.88,6.86,6.83,6.81,6.78,6.75,6.73,6.7,6.59,6.47,6.36,6.25,6.13,6.02,5.91,5.79,5.68,5.57,5.49,5.41,5.34,5.26,5.18,5.1,5.03,4.95,4.87,4.79
Shipping_01/02/2022,Shipping,1.5 Degrees,Global,01/02/2022,Carbon intensity (gCO2 / t-km),,,,,,,7.82,6.96,6.7,6.43,6.17,5.9,5.63,5.37,5.1,4.84,4.57,4.31,4.03,3.76,3.49,3.21,2.94,2.67,2.39,2.12,1.85,1.58,1.46,1.34,1.22,1.1,0.99,0.87,0.75,0.63,0.52,0.4
Shipping_01/02/2022,Shipping,Below 2 Degrees,Global,01/02/2022,Carbon intensity (gCO2 / t-km),,,,,,,7.82,6.96,6.81,6.67,6.52,6.37,6.22,6.07,5.92,5.77,5.62,5.48,5.23,4.98,4.74,4.49,4.24,4.0,3.75,3.5,3.26,3.01,2.87,2.72,2.58,2.43,2.29,2.15,2.0,1.86,1.71,1.57
Shipping_01/12/2020,Shipping,International Pledges,Global,01/12/2020,Carbon intensity (gCO2 / t-km),,,10.57,10.5,10.44,10.37,10.31,10.24,10.18,10.12,10.05,9.99,9.92,9.86,9.79,9.73,9.66,9.6,9.52,9.44,9.37,9.29,9.21,9.14,9.06,8.98,8.91,8.83,8.75,8.68,8.6,8.52,8.45,8.37,8.29,8.22,8.14,8.06
Shipping_01/12/2020,Shipping,Below 2 Degrees,Global,01/12/2020,Carbon intensity (gCO2 / t-km),,,10.57,10.34,10.12,9.89,9.67,9.44,9.22,8.99,8.77,8.54,8.32,8.09,7.87,7.64,7.42,7.19,6.91,6.63,6.35,6.06,5.78,5.5,5.22,4.94,4.65,4.37,4.09,3.81,3.53,3.24,2.96,2.68,2.4,2.12,1.84,1.55
Shipping_01/12/2020,Shipping,2 Degrees,Global,01/12/2020,Carbon intensity (gCO2 / t-km),,,10.57,10.38,10.19,10.01,9.82,9.63,9.45,9.26,9.07,8.89,8.7,8.51,8.33,8.14,7.95,7.77,7.49,7.2,6.92,6.64,6.36,6.08,5.8,5.52,5.24,4.96,4.67,4.39,4.11,3.83,3.55,3.27,2.99,2.71,2.42,2.14
Shipping_01/12/2019,Shipping,2 Degrees,Global,01/12/2019,Carbon intensity (gCO2 / t-km),,,10.6,10.4,10.2,10.0,9.8,9.6,9.4,9.3,9.1,8.9,8.7,8.5,8.3,8.1,8.0,7.8,,,,,,,,,,,,,,,,,,,,
Shipping_01/12/2019,Shipping,Below 2 Degrees,Global,01/12/2019,Carbon intensity (gCO2 / t-km),,,10.6,10.3,10.1,9.9,9.7,9.4,9.2,9.0,8.8,8.5,8.3,8.1,7.9,7.6,7.4,7.2,,,,,,,,,,,,,,,,,,,,
Shipping_01/12/2019,Shipping,International Pledges,Global,01/12/2019,Carbon intensity (gCO2 / t-km),,,10.6,10.5,10.4,10.4,10.3,10.2,10.2,10.1,10.1,10.0,9.9,9.9,9.8,9.7,9.7,9.6,,,,,,,,,,,,,,,,,,,,
Steel_01/04/2022,Steel,Below 2 Degrees,Global,01/04/2022,Carbon intensity (tonnes of CO2 per tonne of steel),,,,,,,1.662,1.646,1.63,1.614,1.599,1.583,1.567,1.551,1.535,1.519,1.503,1.488,1.432,1.377,1.322,1.266,1.211,1.156,1.101,1.045,0.99,0.935,0.893,0.851,0.809,0.767,0.725,0.683,0.641,0.6,0.558,0.516
Steel_01/04/2022,Steel,1.5 Degrees,Global,01/04/2022,Carbon intensity (tonnes of CO2 per tonne of steel),,,,,,,1.662,1.613,1.565,1.517,1.468,1.42,1.371,1.323,1.274,1.226,1.177,1.129,1.062,0.996,0.929,0.863,0.796,0.729,0.663,0.596,0.529,0.463,0.422,0.381,0.339,0.298,0.257,0.216,0.175,0.134,0.093,0.052
Steel_01/04/2022,Steel,National Pledges,Global,01/04/2022,Carbon intensity (tonnes of CO2 per tonne of steel),,,,,,,1.662,1.659,1.656,1.654,1.651,1.648,1.645,1.643,1.64,1.637,1.634,1.632,1.615,1.597,1.58,1.563,1.546,1.529,1.512,1.494,1.477,1.46,1.441,1.422,1.403,1.384,1.365,1.346,1.327,1.308,1.289,1.27
Steel_01/02/2021,Steel,Below 2 Degrees,Global,01/02/2021,Carbon intensity (tonnes of CO2 per tonne of steel),,1.669,1.611,1.553,1.495,1.438,1.381,1.325,1.269,1.213,1.157,1.102,1.046,1.0,0.954,0.907,0.861,0.815,0.77,0.726,0.683,0.64,0.597,0.572,0.548,0.524,0.501,0.477,0.457,0.436,0.416,0.395,0.375,0.352,0.33,0.307,0.285,0.263
Steel_01/02/2021,Steel,2 Degrees,Global,01/02/2021,Carbon intensity (tonnes of CO2 per tonne of steel),,1.669,1.639,1.61,1.581,1.553,1.525,1.498,1.471,1.445,1.418,1.393,1.367,1.317,1.269,1.221,1.175,1.13,1.093,1.057,1.022,0.988,0.954,0.925,0.897,0.869,0.841,0.813,0.785,0.758,0.731,0.704,0.677,0.667,0.655,0.644,0.632,0.621
Steel_01/02/2021,Steel,Paris Pledges,Global,01/02/2021,Carbon intensity (tonnes of CO2 per tonne of steel),,1.669,1.667,1.665,1.663,1.662,1.66,1.659,1.657,1.656,1.655,1.654,1.652,1.65,1.648,1.646,1.644,1.642,1.648,1.654,1.66,1.665,1.67,1.697,1.724,1.75,1.776,1.802,1.79,1.779,1.768,1.757,1.746,1.73,1.715,1.7,1.685,1.67
Steel_01/02/2020,Steel,Paris Pledges,Global,01/02/2020,Carbon intensity (tonnes of CO2 per tonne of steel),,1.669,1.668,1.666,1.664,1.663,1.662,1.66,1.659,1.657,1.656,1.654,1.653,1.651,1.648,1.646,1.644,1.642,,,,,,,,,,,,,,,,,,,,
Steel_01/02/2020,Steel,2 Degrees,Global,01/02/2020,Carbon intensity (tonnes of CO2 per tonne of steel),,1.669,1.64,1.612,1.583,1.555,1.528,1.5,1.473,1.446,1.42,1.394,1.368,1.318,1.27,1.222,1.175,1.129,,,,,,,,,,,,,,,,,,,,
Steel_01/02/2020,Steel,Below 2 Degrees,Global,01/02/2020,Carbon intensity (tonnes of CO2 per tonne of steel),,1.669,1.612,1.556,1.499,1.442,1.386,1.329,1.273,1.216,1.16,1.103,1.047,1.001,0.954,0.908,0.861,0.815,,,,,,,,,,,,,,,,,,,,
Steel_01/09/2018,Steel,Below 2 Degrees,Global,01/09/2018,Carbon intensity (tonnes of CO2 per tonne of steel),,1.669,1.612,1.556,1.499,1.442,1.386,1.329,1.273,1.216,1.16,1.103,1.047,1.001,0.954,0.908,0.861,0.815,,,,,,,,,,,,,,,,,,,,
Steel_01/09/2018,Steel,2 Degrees,Global,01/09/2018,Carbon intensity (tonnes of CO2 per tonne of steel),,1.669,1.64,1.612,1.583,1.555,1.528,1.5,1.473,1.446,1.42,1.394,1.368,1.318,1.27,1.222,1.175,1.129,,,,,,,,,,,,,,,,,,,,
Steel_01/09/2018,Steel,Paris Pledges,Global,01/09/2018,Carbon intensity (tonnes of CO2 per tonne of steel),,1.669,1.668,1.666,1.664,1.663,1.662,1.66,1.659,1.657,1.656,1.654,1.653,1.651,1.648,1.646,1.644,1.642,,,,,,,,,,,,,,,,,,,,
Steel_01/11/2017,Steel,Paris Pledges,Global,01/11/2017,Carbon intensity (tonnes of CO2 per tonne of steel),2.125,2.131,2.136,2.142,2.147,2.153,2.159,2.164,2.14,2.115,2.091,2.067,2.042,2.019,1.995,1.971,1.947,1.923,,,,,,,,,,,,,,,,,,,,
Steel_01/11/2017,Steel,2 Degrees,Global,01/11/2017,Carbon intensity (tonnes of CO2 per tonne of steel),2.125,2.104,2.083,2.063,2.042,2.021,2.0,1.98,1.918,1.856,1.795,1.733,1.672,1.592,1.513,1.434,1.355,1.275,,,,,,,,,,,,,,,,,,,,
